{
  "model": "./trained_model",
  "test_dataset": "ai4privacy/pii-masking-300k",
  "num_examples": 300,
  "metrics": {
    "precision": 0.3008474576271186,
    "recall": 0.4892334194659776,
    "f1": 0.37258117415546077,
    "accuracy": 0.8893414489039403
  },
  "entity_counts": {
    "true_total": 1180,
    "predicted_total": 8129
  }
}