{
  "model": "./trained_model",
  "test_dataset": "ai4privacy/pii-masking-300k",
  "num_examples": 100,
  "metrics": {
    "precision": 0.30602782071097373,
    "recall": 0.4852941176470588,
    "f1": 0.3753554502369668,
    "accuracy": 0.8845923709798056
  },
  "entity_counts": {
    "true_total": 415,
    "predicted_total": 2697
  }
}